item_id,title,category,tags,price,description
1,Essential Pain Relief Item 1,Pain Relief,topical tablet migraine analgesic backache,24.94,Essential Pain Relief Item 1. Tags: topical tablet migraine analgesic backache. A pain relief product built for topical and tablet use.
2,Gentle Pain Relief Item 2,Pain Relief,migraine muscle analgesic tablet fever,10.05,Gentle Pain Relief Item 2. Tags: migraine muscle analgesic tablet fever. A pain relief product built for migraine and muscle use.
3,Premium Pain Relief Item 3,Pain Relief,backache topical tablet muscle fever,32.12,Premium Pain Relief Item 3. Tags: backache topical tablet muscle fever. A pain relief product built for backache and topical use.
4,Essential Pain Relief Item 4,Pain Relief,joint muscle headache topical migraine,26.48,Essential Pain Relief Item 4. Tags: joint muscle headache topical migraine. A pain relief product built for joint and muscle use.
5,Extra-Strength Pain Relief Item 5,Pain Relief,tablet backache headache muscle fever,12.97,Extra-Strength Pain Relief Item 5. Tags: tablet backache headache muscle fever. A pain relief product built for tablet and backache use.
6,Fast-Acting Pain Relief Item 6,Pain Relief,topical inflammation headache tablet fever,5.83,Fast-Acting Pain Relief Item 6. Tags: topical inflammation headache tablet fever. A pain relief product built for topical and inflammation use.
7,Rapid Pain Relief Item 7,Pain Relief,migraine inflammation backache analgesic headache,19.69,Rapid Pain Relief Item 7. Tags: migraine inflammation backache analgesic headache. A pain relief product built for migraine and inflammation use.
8,Fast-Acting Pain Relief Item 8,Pain Relief,headache fever analgesic muscle backache,9.99,Fast-Acting Pain Relief Item 8. Tags: headache fever analgesic muscle backache. A pain relief product built for headache and fever use.
9,Everyday Pain Relief Item 9,Pain Relief,backache tablet headache fever topical,21.03,Everyday Pain Relief Item 9. Tags: backache tablet headache fever topical. A pain relief product built for backache and tablet use.
10,Essential Pain Relief Item 10,Pain Relief,fever inflammation headache analgesic backache,13.02,Essential Pain Relief Item 10. Tags: fever inflammation headache analgesic backache. A pain relief product built for fever and inflammation use.
11,Daily Cold Item 1,Cold & Flu,syrup cough lozenge decongestant flu,27.02,Daily Cold Item 1. Tags: syrup cough lozenge decongestant flu. A cold & flu product built for syrup and cough use.
12,Premium Cold Item 2,Cold & Flu,lozenge decongestant sinus sorethroat antihistamine,9.61,Premium Cold Item 2. Tags: lozenge decongestant sinus sorethroat antihistamine. A cold & flu product built for lozenge and decongestant use.
13,Gentle Cold Item 3,Cold & Flu,sinus congestion flu lozenge sorethroat,39.81,Gentle Cold Item 3. Tags: sinus congestion flu lozenge sorethroat. A cold & flu product built for sinus and congestion use.
14,Gentle Cold Item 4,Cold & Flu,syrup sinus decongestant flu congestion,29.32,Gentle Cold Item 4. Tags: syrup sinus decongestant flu congestion. A cold & flu product built for syrup and sinus use.
15,Everyday Cold Item 5,Cold & Flu,congestion sinus decongestant syrup cough,13.86,Everyday Cold Item 5. Tags: congestion sinus decongestant syrup cough. A cold & flu product built for congestion and sinus use.
16,Extra-Strength Cold Item 6,Cold & Flu,decongestant sinus lozenge flu allergy,22.35,Extra-Strength Cold Item 6. Tags: decongestant sinus lozenge flu allergy. A cold & flu product built for decongestant and sinus use.
17,Rapid Cold Item 7,Cold & Flu,antihistamine sinus allergy decongestant cough,22.55,Rapid Cold Item 7. Tags: antihistamine sinus allergy decongestant cough. A cold & flu product built for antihistamine and sinus use.
18,Advanced Cold Item 8,Cold & Flu,allergy sinus lozenge antihistamine cough,28.85,Advanced Cold Item 8. Tags: allergy sinus lozenge antihistamine cough. A cold & flu product built for allergy and sinus use.
19,Premium Cold Item 9,Cold & Flu,sinus cough sorethroat flu antihistamine,10.11,Premium Cold Item 9. Tags: sinus cough sorethroat flu antihistamine. A cold & flu product built for sinus and cough use.
20,Gentle Cold Item 10,Cold & Flu,decongestant flu syrup congestion allergy,39.29,Gentle Cold Item 10. Tags: decongestant flu syrup congestion allergy. A cold & flu product built for decongestant and flu use.
21,Everyday Digestive Item 1,Digestive Health,nausea stomach fiber bloating laxative,38.97,Everyday Digestive Item 1. Tags: nausea stomach fiber bloating laxative. A digestive health product built for nausea and stomach use.
22,Advanced Digestive Item 2,Digestive Health,laxative stomach fiber bloating digestion,34.82,Advanced Digestive Item 2. Tags: laxative stomach fiber bloating digestion. A digestive health product built for laxative and stomach use.
23,Advanced Digestive Item 3,Digestive Health,antacid stomach digestion nausea constipation,14.74,Advanced Digestive Item 3. Tags: antacid stomach digestion nausea constipation. A digestive health product built for antacid and stomach use.
24,Rapid Digestive Item 4,Digestive Health,probiotic constipation acidity bloating laxative,12.15,Rapid Digestive Item 4. Tags: probiotic constipation acidity bloating laxative. A digestive health product built for probiotic and constipation use.
25,Herbal Digestive Item 5,Digestive Health,stomach digestion constipation probiotic bloating,41.99,Herbal Digestive Item 5. Tags: stomach digestion constipation probiotic bloating. A digestive health product built for stomach and digestion use.
26,Herbal Digestive Item 6,Digestive Health,constipation digestion acidity fiber nausea,36.17,Herbal Digestive Item 6. Tags: constipation digestion acidity fiber nausea. A digestive health product built for constipation and digestion use.
27,Premium Digestive Item 7,Digestive Health,acidity fiber probiotic antacid nausea,23.16,Premium Digestive Item 7. Tags: acidity fiber probiotic antacid nausea. A digestive health product built for acidity and fiber use.
28,Essential Digestive Item 8,Digestive Health,antacid constipation probiotic stomach nausea,37.06,Essential Digestive Item 8. Tags: antacid constipation probiotic stomach nausea. A digestive health product built for antacid and constipation use.
29,Herbal Digestive Item 9,Digestive Health,constipation stomach bloating nausea laxative,43.46,Herbal Digestive Item 9. Tags: constipation stomach bloating nausea laxative. A digestive health product built for constipation and stomach use.
30,Extra-Strength Digestive Item 10,Digestive Health,fiber acidity constipation stomach digestion,40.28,Extra-Strength Digestive Item 10. Tags: fiber acidity constipation stomach digestion. A digestive health product built for fiber and acidity use.
31,Extra-Strength Vitamin Item 1,Vitamins & Supplements,zinc omega3 energy vitamin immunity,15.32,Extra-Strength Vitamin Item 1. Tags: zinc omega3 energy vitamin immunity. A vitamins & supplements product built for zinc and omega3 use.
32,Herbal Vitamin Item 2,Vitamins & Supplements,protein omega3 multivitamin calcium iron,66.71,Herbal Vitamin Item 2. Tags: protein omega3 multivitamin calcium iron. A vitamins & supplements product built for protein and omega3 use.
33,Essential Vitamin Item 3,Vitamins & Supplements,collagen multivitamin immunity calcium energy,21.4,Essential Vitamin Item 3. Tags: collagen multivitamin immunity calcium energy. A vitamins & supplements product built for collagen and multivitamin use.
34,Everyday Vitamin Item 4,Vitamins & Supplements,protein iron vitamin energy calcium,19.12,Everyday Vitamin Item 4. Tags: protein iron vitamin energy calcium. A vitamins & supplements product built for protein and iron use.
35,Daily Vitamin Item 5,Vitamins & Supplements,zinc energy protein vitamin iron,33.89,Daily Vitamin Item 5. Tags: zinc energy protein vitamin iron. A vitamins & supplements product built for zinc and energy use.
36,Essential Vitamin Item 6,Vitamins & Supplements,iron omega3 collagen vitamin energy,25.04,Essential Vitamin Item 6. Tags: iron omega3 collagen vitamin energy. A vitamins & supplements product built for iron and omega3 use.
37,Essential Vitamin Item 7,Vitamins & Supplements,zinc multivitamin protein calcium omega3,63.01,Essential Vitamin Item 7. Tags: zinc multivitamin protein calcium omega3. A vitamins & supplements product built for zinc and multivitamin use.
38,Advanced Vitamin Item 8,Vitamins & Supplements,calcium collagen omega3 energy immunity,42.34,Advanced Vitamin Item 8. Tags: calcium collagen omega3 energy immunity. A vitamins & supplements product built for calcium and collagen use.
39,Fast-Acting Vitamin Item 9,Vitamins & Supplements,iron calcium protein multivitamin energy,45.32,Fast-Acting Vitamin Item 9. Tags: iron calcium protein multivitamin energy. A vitamins & supplements product built for iron and calcium use.
40,Extra-Strength Vitamin Item 10,Vitamins & Supplements,protein omega3 immunity multivitamin calcium,12.57,Extra-Strength Vitamin Item 10. Tags: protein omega3 immunity multivitamin calcium. A vitamins & supplements product built for protein and omega3 use.
41,Gentle Skin Item 1,Skin & Wound Care,burn antiseptic rash ointment bandage,10.38,Gentle Skin Item 1. Tags: burn antiseptic rash ointment bandage. A skin & wound care product built for burn and antiseptic use.
42,Daily Skin Item 2,Skin & Wound Care,ointment wound bandage sunscreen antiseptic,29.12,Daily Skin Item 2. Tags: ointment wound bandage sunscreen antiseptic. A skin & wound care product built for ointment and wound use.
43,Gentle Skin Item 3,Skin & Wound Care,rash burn moisturizer ointment antiseptic,22.26,Gentle Skin Item 3. Tags: rash burn moisturizer ointment antiseptic. A skin & wound care product built for rash and burn use.
44,Essential Skin Item 4,Skin & Wound Care,antifungal ointment rash antiseptic sunscreen,10.1,Essential Skin Item 4. Tags: antifungal ointment rash antiseptic sunscreen. A skin & wound care product built for antifungal and ointment use.
45,Daily Skin Item 5,Skin & Wound Care,eczema moisturizer sunscreen antifungal wound,10.95,Daily Skin Item 5. Tags: eczema moisturizer sunscreen antifungal wound. A skin & wound care product built for eczema and moisturizer use.
46,Extra-Strength Skin Item 6,Skin & Wound Care,rash wound eczema moisturizer antifungal,15.86,Extra-Strength Skin Item 6. Tags: rash wound eczema moisturizer antifungal. A skin & wound care product built for rash and wound use.
47,Premium Skin Item 7,Skin & Wound Care,wound rash burn eczema bandage,28.57,Premium Skin Item 7. Tags: wound rash burn eczema bandage. A skin & wound care product built for wound and rash use.
48,Advanced Skin Item 8,Skin & Wound Care,ointment bandage antiseptic antifungal burn,12.73,Advanced Skin Item 8. Tags: ointment bandage antiseptic antifungal burn. A skin & wound care product built for ointment and bandage use.
49,Advanced Skin Item 9,Skin & Wound Care,wound moisturizer antiseptic sunscreen eczema,31.16,Advanced Skin Item 9. Tags: wound moisturizer antiseptic sunscreen eczema. A skin & wound care product built for wound and moisturizer use.
50,Gentle Skin Item 10,Skin & Wound Care,rash antiseptic sunscreen eczema moisturizer,44.38,Gentle Skin Item 10. Tags: rash antiseptic sunscreen eczema moisturizer. A skin & wound care product built for rash and antiseptic use.
51,Extra-Strength Chronic Item 1,Chronic Care,bonehealth monitor bloodpressure diabetes thyroid,37.79,Extra-Strength Chronic Item 1. Tags: bonehealth monitor bloodpressure diabetes thyroid. A chronic care product built for bonehealth and monitor use.
52,Rapid Chronic Item 2,Chronic Care,cholesterol kidney heart diabetes monitor,21.32,Rapid Chronic Item 2. Tags: cholesterol kidney heart diabetes monitor. A chronic care product built for cholesterol and kidney use.
53,Everyday Chronic Item 3,Chronic Care,heart kidney bonehealth asthma bloodpressure,39.83,Everyday Chronic Item 3. Tags: heart kidney bonehealth asthma bloodpressure. A chronic care product built for heart and kidney use.
54,Essential Chronic Item 4,Chronic Care,diabetes monitor asthma glucose cholesterol,40.87,Essential Chronic Item 4. Tags: diabetes monitor asthma glucose cholesterol. A chronic care product built for diabetes and monitor use.
55,Everyday Chronic Item 5,Chronic Care,cholesterol monitor glucose diabetes heart,78.64,Everyday Chronic Item 5. Tags: cholesterol monitor glucose diabetes heart. A chronic care product built for cholesterol and monitor use.
56,Everyday Chronic Item 6,Chronic Care,bloodpressure cholesterol diabetes glucose thyroid,80.1,Everyday Chronic Item 6. Tags: bloodpressure cholesterol diabetes glucose thyroid. A chronic care product built for bloodpressure and cholesterol use.
57,Everyday Chronic Item 7,Chronic Care,asthma glucose diabetes cholesterol bonehealth,77.96,Everyday Chronic Item 7. Tags: asthma glucose diabetes cholesterol bonehealth. A chronic care product built for asthma and glucose use.
58,Gentle Chronic Item 8,Chronic Care,heart kidney asthma monitor glucose,59.86,Gentle Chronic Item 8. Tags: heart kidney asthma monitor glucose. A chronic care product built for heart and kidney use.
59,Advanced Chronic Item 9,Chronic Care,diabetes heart asthma monitor bloodpressure,83.1,Advanced Chronic Item 9. Tags: diabetes heart asthma monitor bloodpressure. A chronic care product built for diabetes and heart use.
60,Everyday Chronic Item 10,Chronic Care,bloodpressure asthma glucose thyroid cholesterol,74.59,Everyday Chronic Item 10. Tags: bloodpressure asthma glucose thyroid cholesterol. A chronic care product built for bloodpressure and asthma use.
