user_id,item_id,rating,timestamp
1,53,4,2025-08-22
1,58,4,2025-05-19
1,60,5,2025-02-09
1,54,3,2025-08-09
1,55,4,2025-02-15
1,52,4,2025-11-14
1,56,5,2025-01-08
1,33,3,2025-11-19
1,37,1,2025-10-25
1,48,1,2025-02-24
1,10,3,2025-06-17
2,23,5,2025-10-02
2,22,5,2025-06-16
2,24,4,2025-03-06
2,25,5,2025-01-26
2,26,4,2025-10-28
2,27,4,2025-04-22
2,30,3,2025-04-28
2,28,5,2025-07-28
2,29,5,2025-12-06
2,21,3,2025-06-23
2,40,3,2025-09-15
2,43,3,2025-05-18
2,6,2,2025-09-09
2,55,3,2025-09-26
2,46,2,2025-02-07
2,44,2,2025-04-08
3,4,3,2025-03-30
3,1,5,2025-07-18
3,6,5,2025-05-23
3,5,5,2025-04-04
3,2,5,2025-09-18
3,8,4,2025-07-22
3,10,4,2025-05-21
3,9,4,2025-08-16
3,7,5,2025-03-30
3,3,4,2025-01-05
3,12,4,2025-03-25
3,50,3,2025-01-21
3,24,4,2025-08-19
3,57,3,2025-08-07
3,18,4,2025-10-29
4,25,4,2025-01-26
4,26,5,2025-01-30
4,28,5,2025-07-08
4,24,4,2025-01-03
4,29,4,2025-07-30
4,23,5,2025-12-30
4,30,5,2025-01-20
4,21,3,2025-11-07
4,22,5,2025-12-30
4,27,5,2025-12-09
4,19,3,2025-11-28
4,54,5,2025-06-07
4,8,3,2025-05-24
4,42,3,2025-01-12
4,6,2,2025-08-09
5,18,4,2025-12-07
5,14,4,2025-10-08
5,20,4,2025-01-12
5,17,4,2025-08-08
5,11,5,2025-06-08
5,13,5,2025-06-01
5,19,4,2025-02-17
5,16,4,2025-08-07
5,15,5,2025-10-11
5,12,5,2025-07-18
5,7,2,2025-06-01
5,50,3,2025-12-13
5,39,2,2025-10-10
5,8,3,2025-08-30
5,51,4,2025-11-25
5,9,4,2025-06-02
6,19,4,2025-08-17
6,17,5,2025-08-29
6,18,4,2025-08-03
6,12,4,2025-07-12
6,20,5,2025-05-20
6,14,4,2025-02-08
6,8,3,2025-02-16
6,25,3,2025-08-07
6,23,2,2025-06-11
7,35,5,2025-01-13
7,39,5,2025-10-27
7,31,4,2025-08-25
7,37,5,2025-12-13
7,32,5,2025-11-13
7,40,4,2025-08-13
7,34,5,2025-02-08
7,36,5,2025-06-23
7,22,4,2025-11-15
7,46,3,2025-02-08
7,19,3,2025-02-28
7,11,3,2025-06-22
8,59,4,2025-06-23
8,53,4,2025-03-23
8,52,4,2025-01-23
8,51,3,2025-10-30
8,60,5,2025-04-14
8,27,1,2025-11-28
8,48,3,2025-05-08
8,7,4,2025-02-13
9,25,5,2025-06-27
9,21,5,2025-12-25
9,23,4,2025-11-29
9,26,5,2025-04-21
9,52,3,2025-01-11
9,1,3,2025-06-29
10,55,4,2025-07-02
10,51,4,2025-02-28
10,57,4,2025-05-14
10,59,5,2025-06-17
10,53,5,2025-08-08
10,58,5,2025-01-10
10,52,5,2025-09-29
10,54,5,2025-05-29
10,56,5,2025-02-22
10,60,4,2025-09-27
10,5,2,2025-11-02
10,13,4,2025-08-05
10,1,2,2025-07-30
10,16,1,2025-11-23
10,36,4,2025-01-19
10,4,3,2025-05-27
11,34,4,2025-04-25
11,33,4,2025-11-07
11,32,5,2025-10-05
11,37,5,2025-05-27
11,48,3,2025-12-07
11,28,3,2025-02-07
11,46,3,2025-09-28
12,40,5,2025-01-13
12,34,4,2025-08-21
12,35,4,2025-09-16
12,33,5,2025-12-12
12,32,3,2025-11-23
12,36,4,2025-01-05
12,37,5,2025-09-29
12,38,4,2025-01-06
12,31,4,2025-07-13
12,39,4,2025-10-28
12,3,3,2025-08-16
12,41,4,2025-09-06
12,57,3,2025-08-05
12,55,3,2025-08-02
12,53,3,2025-12-24
13,21,4,2025-07-17
13,27,4,2025-08-31
13,23,5,2025-05-22
13,29,4,2025-05-28
13,46,1,2025-08-14
13,47,3,2025-12-06
14,40,4,2025-07-02
14,33,3,2025-09-24
14,32,5,2025-06-13
14,38,4,2025-04-01
14,31,4,2025-11-07
14,34,4,2025-11-23
14,39,5,2025-04-21
14,37,5,2025-09-27
14,35,4,2025-05-20
14,36,4,2025-10-15
14,9,5,2025-06-09
14,3,1,2025-08-17
14,23,4,2025-06-06
14,57,3,2025-03-28
14,22,3,2025-08-19
15,22,4,2025-04-22
15,21,4,2025-06-30
15,29,5,2025-05-23
15,23,3,2025-03-11
15,24,3,2025-01-20
15,25,3,2025-02-27
15,27,4,2025-09-23
15,28,5,2025-02-06
15,26,3,2025-07-06
15,30,4,2025-05-29
15,6,4,2025-12-10
15,55,3,2025-08-24
15,12,3,2025-02-19
15,15,3,2025-01-02
15,10,3,2025-08-25
15,35,4,2025-12-25
16,53,5,2025-01-06
16,51,5,2025-03-14
16,60,5,2025-12-01
16,57,4,2025-06-14
16,58,5,2025-06-14
16,50,4,2025-06-02
16,41,2,2025-07-20
16,38,3,2025-01-29
17,20,5,2025-07-26
17,15,4,2025-06-04
17,11,3,2025-08-26
17,12,5,2025-08-25
17,18,5,2025-05-05
17,13,5,2025-02-14
17,19,5,2025-06-01
17,17,3,2025-04-24
17,14,5,2025-05-11
17,16,4,2025-01-18
17,49,2,2025-01-24
17,42,3,2025-10-18
17,7,4,2025-12-16
17,1,1,2025-08-25
17,45,4,2025-07-18
17,9,3,2025-02-28
18,34,4,2025-07-14
18,32,5,2025-06-02
18,39,4,2025-01-03
18,40,3,2025-06-17
18,21,3,2025-03-21
18,27,5,2025-08-19
18,53,4,2025-12-30
19,43,3,2025-12-06
19,44,4,2025-01-02
19,45,4,2025-09-21
19,41,5,2025-02-05
19,30,1,2025-01-31
19,31,4,2025-12-23
19,13,4,2025-10-29
20,12,4,2025-01-20
20,15,4,2025-04-15
20,17,5,2025-01-30
20,19,5,2025-11-29
20,16,5,2025-01-06
20,20,4,2025-08-26
20,13,5,2025-12-03
20,14,4,2025-09-29
20,11,4,2025-06-26
20,55,2,2025-07-07
20,9,4,2025-08-13
20,34,3,2025-06-20
20,40,3,2025-09-22
20,30,5,2025-08-31
21,15,4,2025-04-26
21,17,5,2025-05-05
21,16,5,2025-05-02
21,13,4,2025-11-20
21,19,5,2025-11-05
21,11,4,2025-11-12
21,18,4,2025-07-20
21,20,4,2025-08-05
21,12,3,2025-09-08
21,14,5,2025-08-04
21,36,2,2025-03-03
21,27,3,2025-05-01
21,41,3,2025-10-13
21,34,4,2025-08-14
21,54,3,2025-03-17
22,58,4,2025-01-13
22,56,4,2025-05-14
22,51,4,2025-04-02
22,59,5,2025-05-25
22,53,5,2025-06-03
22,60,4,2025-03-09
22,55,4,2025-06-10
22,52,4,2025-11-13
22,19,2,2025-11-19
22,18,2,2025-08-01
22,29,4,2025-09-12
22,50,2,2025-08-31
23,43,4,2025-03-31
23,48,4,2025-07-31
23,42,4,2025-10-15
23,46,4,2025-08-14
23,41,5,2025-06-26
23,44,5,2025-12-12
23,47,4,2025-01-19
23,45,4,2025-07-27
23,49,4,2025-08-08
23,50,5,2025-06-28
23,14,3,2025-12-21
23,26,4,2025-10-22
23,13,4,2025-06-20
23,7,2,2025-08-26
23,34,4,2025-07-11
23,57,1,2025-09-12
24,10,5,2025-01-21
24,7,5,2025-09-26
24,3,5,2025-04-26
24,2,4,2025-03-15
24,5,4,2025-04-29
24,9,5,2025-10-11
24,4,5,2025-07-05
24,1,4,2025-11-12
24,28,4,2025-01-07
24,18,3,2025-11-14
24,11,3,2025-07-27
24,54,2,2025-03-14
25,27,3,2025-12-03
25,26,5,2025-12-01
25,22,4,2025-02-17
25,23,4,2025-03-10
25,30,4,2025-06-06
25,28,5,2025-08-02
25,21,4,2025-04-23
25,24,5,2025-01-01
25,29,4,2025-08-28
25,25,4,2025-04-18
25,48,4,2025-06-14
25,35,4,2025-08-03
25,11,3,2025-04-09
25,43,4,2025-08-18
25,32,2,2025-10-11
26,2,5,2025-11-17
26,6,4,2025-05-12
26,10,4,2025-04-22
26,5,4,2025-11-22
26,1,5,2025-07-09
26,3,4,2025-05-18
26,9,3,2025-08-19
26,24,2,2025-09-23
26,29,4,2025-08-01
26,40,4,2025-12-15
27,1,5,2025-12-25
27,6,4,2025-01-28
27,5,4,2025-07-26
27,3,4,2025-04-08
27,7,5,2025-04-22
27,8,4,2025-04-24
27,10,3,2025-12-17
27,2,3,2025-05-28
27,9,4,2025-12-30
27,46,1,2025-09-15
27,48,3,2025-02-21
27,55,2,2025-09-20
27,59,4,2025-08-15
28,38,5,2025-07-28
28,33,5,2025-06-12
28,34,4,2025-04-23
28,37,4,2025-02-06
28,35,4,2025-08-20
28,39,5,2025-04-17
28,36,4,2025-02-27
28,31,5,2025-09-09
28,32,5,2025-11-05
28,47,4,2025-10-25
28,8,3,2025-01-22
28,16,3,2025-12-28
28,17,4,2025-11-10
28,26,3,2025-04-27
29,44,4,2025-06-21
29,48,4,2025-01-26
29,50,4,2025-07-29
29,41,2,2025-10-30
29,5,4,2025-10-09
29,32,2,2025-01-03
30,25,5,2025-05-07
30,30,5,2025-12-18
30,28,4,2025-06-20
30,23,5,2025-07-28
30,48,1,2025-11-27
30,10,3,2025-03-17
30,5,2,2025-06-09
31,19,5,2025-12-15
31,18,5,2025-09-28
31,12,3,2025-08-06
31,20,5,2025-02-06
31,13,3,2025-01-12
31,11,5,2025-08-17
31,14,5,2025-07-27
31,15,4,2025-11-07
31,47,3,2025-03-29
31,32,2,2025-08-18
31,56,4,2025-06-17
31,44,2,2025-12-12
32,29,5,2025-04-25
32,23,3,2025-07-13
32,22,5,2025-09-12
32,21,4,2025-10-11
32,24,4,2025-03-28
32,27,4,2025-03-04
32,28,5,2025-11-25
32,26,5,2025-04-17
32,25,5,2025-01-02
32,4,2,2025-11-11
32,34,3,2025-10-27
32,52,2,2025-06-06
32,38,2,2025-06-05
33,4,5,2025-06-18
33,2,5,2025-08-31
33,8,4,2025-01-20
33,3,3,2025-12-01
33,9,5,2025-01-29
33,1,4,2025-04-28
33,6,5,2025-07-19
33,5,4,2025-09-20
33,10,3,2025-04-21
33,7,4,2025-08-18
33,50,4,2025-06-07
33,51,2,2025-06-29
33,16,4,2025-11-05
33,46,3,2025-07-09
33,32,4,2025-12-19
34,22,3,2025-09-11
34,26,4,2025-04-12
34,25,3,2025-02-26
34,27,4,2025-08-02
34,23,5,2025-05-21
34,30,5,2025-01-11
34,29,4,2025-09-14
34,21,5,2025-01-11
34,24,5,2025-08-04
34,11,1,2025-08-27
34,44,2,2025-11-25
34,45,4,2025-04-05
34,38,4,2025-11-10
34,10,4,2025-02-26
35,10,3,2025-03-13
35,1,4,2025-03-07
35,5,4,2025-04-22
35,3,4,2025-07-18
35,4,4,2025-03-25
35,8,4,2025-10-22
35,7,5,2025-05-28
35,9,5,2025-03-03
35,28,3,2025-06-18
35,15,4,2025-06-04
35,40,4,2025-12-21
35,51,1,2025-05-30
36,6,4,2025-12-25
36,5,5,2025-07-06
36,3,4,2025-12-05
36,4,4,2025-08-27
36,1,5,2025-03-28
36,9,5,2025-07-10
36,2,4,2025-07-10
36,7,5,2025-04-27
36,14,3,2025-09-03
36,23,2,2025-02-10
36,33,3,2025-12-08
36,41,2,2025-07-21
37,23,5,2025-01-25
37,30,5,2025-11-19
37,28,5,2025-11-13
37,24,5,2025-04-04
37,25,4,2025-10-28
37,29,5,2025-11-14
37,27,4,2025-08-12
37,2,4,2025-02-21
37,13,3,2025-12-11
37,35,3,2025-07-23
38,13,5,2025-04-01
38,18,5,2025-01-27
38,12,4,2025-08-11
38,16,5,2025-12-07
38,15,5,2025-03-23
38,19,4,2025-03-31
38,11,5,2025-04-14
38,8,5,2025-05-24
38,36,3,2025-02-27
38,48,2,2025-06-20
39,12,5,2025-03-26
39,17,4,2025-07-10
39,19,5,2025-01-23
39,11,5,2025-06-24
39,18,4,2025-02-12
39,16,4,2025-05-11
39,20,5,2025-10-23
39,13,5,2025-04-06
39,14,4,2025-02-15
39,15,4,2025-08-19
39,43,4,2025-06-28
39,27,1,2025-09-10
39,28,2,2025-02-16
39,3,4,2025-03-26
39,57,5,2025-07-12
39,49,3,2025-08-03
40,57,4,2025-11-05
40,54,5,2025-12-16
40,52,4,2025-05-07
40,60,5,2025-09-29
40,59,4,2025-12-22
40,55,5,2025-02-24
40,58,5,2025-09-13
40,53,5,2025-01-17
40,51,4,2025-12-26
40,49,1,2025-09-18
40,10,4,2025-03-24
40,28,4,2025-11-27
40,48,2,2025-03-14
40,38,3,2025-02-21
41,4,4,2025-01-16
41,1,3,2025-11-11
41,10,4,2025-06-02
41,2,5,2025-04-29
41,9,3,2025-04-11
41,7,5,2025-01-20
41,5,4,2025-01-04
41,3,4,2025-11-15
41,8,4,2025-12-28
41,6,4,2025-11-18
41,49,3,2025-03-24
41,45,2,2025-10-06
41,47,3,2025-03-30
41,23,4,2025-12-15
41,48,3,2025-10-29
42,49,3,2025-05-19
42,42,4,2025-11-30
42,46,5,2025-07-02
42,47,4,2025-03-30
42,17,3,2025-03-04
42,4,4,2025-10-24
42,60,4,2025-11-25
43,35,4,2025-03-20
43,32,5,2025-06-29
43,31,4,2025-05-22
43,40,4,2025-09-21
43,34,5,2025-01-26
43,39,3,2025-08-23
43,33,4,2025-10-28
43,3,2,2025-07-22
43,43,3,2025-08-23
43,48,2,2025-02-10
44,50,5,2025-04-18
44,47,4,2025-05-02
44,48,5,2025-05-09
44,41,5,2025-01-07
44,49,4,2025-03-17
44,43,5,2025-09-22
44,42,4,2025-11-27
44,54,2,2025-05-31
44,3,2,2025-06-16
44,39,2,2025-02-01
44,58,4,2025-01-03
45,35,5,2025-02-07
45,31,4,2025-09-05
45,37,4,2025-07-24
45,33,4,2025-10-11
45,36,4,2025-09-12
45,39,5,2025-10-15
45,38,4,2025-04-16
45,40,4,2025-06-14
45,34,3,2025-04-06
45,32,5,2025-09-24
45,30,4,2025-05-12
45,5,4,2025-10-17
45,20,2,2025-04-27
45,14,1,2025-11-15
45,16,1,2025-04-11
46,3,4,2025-06-02
46,2,4,2025-10-21
46,4,5,2025-01-31
46,9,5,2025-10-11
46,6,4,2025-10-31
46,10,5,2025-04-29
46,1,4,2025-05-02
46,5,4,2025-02-26
46,7,5,2025-02-26
46,8,4,2025-12-08
46,30,3,2025-11-12
46,52,2,2025-11-18
46,60,3,2025-07-06
46,48,3,2025-01-16
46,57,3,2025-11-07
47,42,5,2025-04-14
47,44,4,2025-12-17
47,48,3,2025-10-22
47,50,4,2025-12-18
47,47,5,2025-10-12
47,43,4,2025-03-24
47,45,4,2025-12-29
47,49,5,2025-09-16
47,41,5,2025-01-30
47,46,4,2025-04-29
47,1,2,2025-01-08
47,58,3,2025-12-18
47,5,3,2025-04-06
47,59,3,2025-02-09
47,34,4,2025-09-01
48,5,2,2025-03-01
48,6,5,2025-08-13
48,2,4,2025-04-21
48,1,5,2025-08-13
48,8,5,2025-02-22
48,10,5,2025-05-03
48,3,5,2025-08-20
48,7,5,2025-09-28
48,4,4,2025-05-31
48,9,4,2025-10-30
48,47,3,2025-03-27
48,37,3,2025-11-06
48,39,3,2025-11-07
48,42,2,2025-10-17
48,22,3,2025-04-24
49,24,3,2025-01-30
49,26,4,2025-07-29
49,27,5,2025-06-05
49,30,3,2025-01-18
49,29,4,2025-11-01
49,22,4,2025-01-25
49,25,4,2025-03-29
49,21,4,2025-02-04
49,23,4,2025-01-22
49,28,4,2025-05-19
49,18,2,2025-03-19
49,32,2,2025-08-15
49,58,3,2025-05-27
49,45,2,2025-03-26
49,16,4,2025-08-22
49,38,2,2025-01-13
50,45,5,2025-12-09
50,44,5,2025-07-14
50,47,5,2025-06-04
50,46,5,2025-06-10
50,50,4,2025-06-03
50,19,1,2025-02-08
50,26,1,2025-08-03
50,56,4,2025-11-15
51,8,5,2025-12-05
51,7,4,2025-02-27
51,5,3,2025-12-21
51,9,4,2025-08-20
51,4,5,2025-09-28
51,3,5,2025-11-01
51,2,4,2025-01-08
51,1,3,2025-03-20
51,10,5,2025-08-15
51,6,5,2025-12-12
51,17,3,2025-07-26
51,25,4,2025-03-07
51,58,4,2025-05-03
51,27,4,2025-05-17
51,45,2,2025-10-23
52,53,3,2025-02-26
52,55,4,2025-07-11
52,58,4,2025-06-21
52,60,4,2025-04-29
52,51,4,2025-06-06
52,57,5,2025-05-04
52,24,2,2025-04-23
52,38,4,2025-04-10
52,45,2,2025-04-02
53,60,4,2025-05-03
53,56,4,2025-03-21
53,53,5,2025-04-25
53,54,3,2025-04-08
53,58,5,2025-06-23
53,51,4,2025-05-04
53,33,2,2025-12-25
53,23,3,2025-06-25
53,31,5,2025-05-06
54,19,3,2025-05-10
54,13,5,2025-04-19
54,20,5,2025-07-13
54,11,4,2025-06-27
54,18,5,2025-03-10
54,17,5,2025-09-25
54,12,2,2025-09-11
54,16,4,2025-10-27
54,15,5,2025-10-27
54,14,4,2025-08-10
54,35,2,2025-09-09
54,27,3,2025-01-02
54,43,3,2025-11-09
54,36,5,2025-04-08
54,4,5,2025-11-24
54,29,4,2025-12-29
55,4,5,2025-03-31
55,6,4,2025-12-06
55,2,4,2025-08-14
55,5,4,2025-12-21
55,10,3,2025-08-10
55,1,4,2025-01-01
55,9,5,2025-09-07
55,3,5,2025-01-04
55,8,4,2025-09-18
55,7,5,2025-10-05
55,50,2,2025-03-25
55,53,4,2025-02-23
55,41,3,2025-11-10
55,31,3,2025-04-04
55,13,2,2025-10-22
55,45,3,2025-06-20
56,25,5,2025-02-18
56,28,4,2025-10-18
56,26,5,2025-07-12
56,22,5,2025-10-24
56,23,3,2025-07-15
56,24,4,2025-10-25
56,21,5,2025-12-25
56,59,3,2025-04-14
56,41,3,2025-11-21
56,9,4,2025-03-02
56,18,3,2025-06-18
57,5,5,2025-03-17
57,9,5,2025-08-09
57,3,5,2025-01-14
57,4,4,2025-12-27
57,28,3,2025-05-14
57,23,1,2025-08-06
57,34,4,2025-04-23
58,35,5,2025-07-27
58,37,4,2025-07-03
58,36,5,2025-11-30
58,32,4,2025-08-17
58,27,5,2025-04-17
58,55,4,2025-10-08
58,10,2,2025-11-01
59,26,5,2025-04-05
59,24,5,2025-07-09
59,27,4,2025-07-13
59,28,4,2025-04-26
59,22,4,2025-09-15
59,25,3,2025-09-19
59,18,3,2025-05-31
59,44,1,2025-12-03
59,37,4,2025-03-08
60,20,5,2025-12-22
60,11,3,2025-04-05
60,17,5,2025-07-28
60,12,5,2025-06-30
60,35,2,2025-10-16
60,23,5,2025-09-11
60,42,3,2025-04-20
61,28,4,2025-12-03
61,30,4,2025-07-16
61,27,4,2025-01-10
61,24,3,2025-07-24
61,23,4,2025-04-08
61,25,5,2025-09-01
61,22,5,2025-06-05
61,26,4,2025-10-07
61,21,4,2025-02-22
61,29,5,2025-11-22
61,53,4,2025-08-12
61,52,3,2025-09-05
61,39,2,2025-05-30
61,1,4,2025-03-09
61,44,4,2025-04-09
62,22,5,2025-09-24
62,27,5,2025-09-30
62,21,3,2025-08-23
62,30,3,2025-03-28
62,7,2,2025-12-29
62,52,4,2025-11-20
62,6,5,2025-08-19
63,60,5,2025-08-22
63,56,4,2025-09-24
63,52,4,2025-04-02
63,58,5,2025-04-30
63,26,3,2025-04-14
63,41,4,2025-06-02
64,59,5,2025-07-07
64,56,4,2025-10-19
64,51,4,2025-09-11
64,57,3,2025-07-07
64,53,5,2025-10-04
64,52,4,2025-11-15
64,60,4,2025-12-07
64,55,5,2025-12-31
64,58,4,2025-09-24
64,17,5,2025-12-16
64,43,3,2025-11-18
64,1,2,2025-03-10
64,32,2,2025-05-27
64,4,3,2025-03-15
65,44,5,2025-01-09
65,41,5,2025-02-10
65,46,4,2025-05-22
65,49,4,2025-12-17
65,45,4,2025-05-23
65,48,4,2025-06-13
65,50,5,2025-06-04
65,47,5,2025-03-05
65,42,4,2025-07-03
65,33,5,2025-01-06
65,36,4,2025-08-11
65,4,4,2025-07-01
65,14,3,2025-04-29
65,6,3,2025-04-27
66,42,4,2025-09-15
66,46,5,2025-01-23
66,45,3,2025-08-18
66,47,4,2025-06-28
66,48,5,2025-09-03
66,43,5,2025-01-12
66,41,5,2025-09-11
66,50,5,2025-09-03
66,49,5,2025-04-30
66,44,5,2025-08-09
66,51,2,2025-04-05
66,19,3,2025-07-29
66,28,2,2025-10-23
66,54,3,2025-09-20
66,6,2,2025-11-30
67,50,5,2025-02-03
67,43,5,2025-11-11
67,48,4,2025-04-03
67,42,3,2025-10-08
67,47,5,2025-12-22
67,6,4,2025-08-23
67,39,3,2025-10-06
67,9,4,2025-07-18
68,24,4,2025-01-15
68,22,4,2025-06-08
68,26,5,2025-09-24
68,27,4,2025-09-19
68,25,4,2025-09-29
68,29,5,2025-03-16
68,28,5,2025-05-30
68,23,5,2025-11-08
68,30,3,2025-02-07
68,56,4,2025-10-03
68,11,4,2025-03-25
68,57,3,2025-01-01
68,7,3,2025-10-10
69,28,3,2025-06-22
69,26,4,2025-01-02
69,23,5,2025-12-07
69,29,5,2025-01-08
69,21,4,2025-04-09
69,30,5,2025-07-15
69,34,1,2025-09-30
69,6,3,2025-09-29
69,58,3,2025-01-18
70,6,5,2025-08-07
70,7,4,2025-02-18
70,10,4,2025-01-15
70,9,5,2025-04-06
70,2,4,2025-04-26
70,8,4,2025-09-25
70,4,3,2025-10-14
70,3,4,2025-05-27
70,5,4,2025-09-10
70,18,1,2025-03-17
70,38,4,2025-01-23
70,33,3,2025-09-27
70,36,4,2025-12-07
71,31,4,2025-10-06
71,34,4,2025-09-13
71,40,4,2025-09-11
71,37,4,2025-01-05
71,38,5,2025-07-31
71,33,4,2025-04-16
71,19,3,2025-01-30
71,46,5,2025-02-14
71,24,4,2025-05-23
72,16,3,2025-06-12
72,18,4,2025-09-12
72,17,4,2025-02-11
72,20,5,2025-08-07
72,14,5,2025-01-12
72,15,4,2025-01-26
72,19,5,2025-05-05
72,21,3,2025-05-19
72,38,3,2025-03-25
72,41,2,2025-03-04
73,52,4,2025-02-03
73,57,3,2025-10-08
73,53,4,2025-05-31
73,59,3,2025-03-25
73,56,5,2025-02-03
73,51,4,2025-03-15
73,60,3,2025-09-25
73,58,3,2025-12-27
73,54,4,2025-10-27
73,55,5,2025-05-16
73,35,4,2025-03-26
73,32,2,2025-07-10
73,37,2,2025-08-14
73,27,1,2025-06-01
73,20,5,2025-02-08
74,56,4,2025-04-12
74,54,4,2025-02-12
74,60,5,2025-12-29
74,51,4,2025-03-25
74,38,3,2025-07-12
74,41,3,2025-03-05
75,18,5,2025-03-22
75,16,5,2025-09-16
75,13,4,2025-05-20
75,14,4,2025-11-18
75,20,3,2025-12-12
75,12,4,2025-01-02
75,17,4,2025-03-07
75,6,2,2025-07-16
75,30,3,2025-11-06
75,49,4,2025-02-05
75,42,5,2025-03-18
76,58,4,2025-12-03
76,52,4,2025-09-20
76,59,3,2025-07-27
76,56,4,2025-07-12
76,55,5,2025-01-23
76,57,4,2025-05-15
76,60,4,2025-04-30
76,34,3,2025-08-29
76,48,4,2025-12-18
76,10,3,2025-04-11
77,34,5,2025-10-26
77,35,4,2025-12-18
77,32,4,2025-04-23
77,40,4,2025-06-20
77,38,4,2025-11-05
77,39,4,2025-12-30
77,60,3,2025-03-02
77,41,3,2025-03-11
77,8,3,2025-10-21
78,4,4,2025-09-10
78,2,5,2025-10-18
78,5,4,2025-06-08
78,9,3,2025-05-12
78,8,4,2025-03-29
78,1,4,2025-04-22
78,3,5,2025-02-02
78,24,2,2025-08-13
78,25,3,2025-10-01
78,31,4,2025-09-24
78,16,3,2025-12-22
79,50,5,2025-09-26
79,49,4,2025-02-17
79,43,4,2025-07-02
79,46,4,2025-08-13
79,6,4,2025-11-10
79,36,4,2025-04-26
79,15,2,2025-04-18
80,13,4,2025-11-23
80,19,2,2025-08-21
80,17,4,2025-08-27
80,18,5,2025-01-11
80,12,4,2025-10-08
80,20,3,2025-09-16
80,11,5,2025-10-25
80,27,3,2025-06-22
80,29,2,2025-12-08
80,59,4,2025-10-02
80,55,2,2025-06-10
81,5,5,2025-04-14
81,8,4,2025-07-29
81,6,5,2025-09-19
81,1,5,2025-12-14
81,3,5,2025-05-28
81,7,3,2025-01-29
81,9,5,2025-02-13
81,4,4,2025-11-24
81,2,5,2025-01-19
81,10,4,2025-03-12
81,13,1,2025-03-08
81,59,1,2025-12-16
81,43,4,2025-10-24
81,47,4,2025-11-15
81,12,4,2025-01-03
82,10,4,2025-04-23
82,4,3,2025-04-15
82,5,4,2025-04-27
82,9,4,2025-05-11
82,2,5,2025-07-26
82,3,5,2025-06-16
82,6,4,2025-12-31
82,7,5,2025-04-02
82,8,5,2025-12-21
82,1,4,2025-01-28
82,60,3,2025-01-19
82,11,3,2025-03-15
82,28,3,2025-10-26
82,25,5,2025-02-21
82,58,2,2025-01-27
82,51,3,2025-04-15
83,59,5,2025-04-19
83,60,4,2025-11-10
83,57,3,2025-01-07
83,55,4,2025-08-27
83,53,4,2025-03-11
83,51,4,2025-05-22
83,56,4,2025-08-09
83,58,5,2025-06-15
83,9,2,2025-05-25
83,5,4,2025-12-29
83,15,3,2025-12-24
83,2,3,2025-09-19
84,6,5,2025-01-15
84,9,5,2025-03-08
84,5,5,2025-03-25
84,3,3,2025-04-17
84,1,5,2025-05-06
84,8,5,2025-09-07
84,4,5,2025-05-08
84,10,4,2025-08-29
84,7,5,2025-01-08
84,2,4,2025-07-24
84,47,3,2025-12-27
84,52,4,2025-11-02
84,40,3,2025-05-03
84,43,3,2025-07-17
84,59,2,2025-02-13
84,56,4,2025-03-19
85,32,5,2025-04-07
85,40,5,2025-12-14
85,37,4,2025-08-07
85,31,4,2025-07-21
85,35,4,2025-10-23
85,39,5,2025-04-13
85,41,4,2025-01-15
85,11,3,2025-10-23
85,59,2,2025-09-17
86,34,5,2025-01-09
86,33,3,2025-01-29
86,35,4,2025-06-22
86,40,5,2025-07-09
86,39,5,2025-01-13
86,37,3,2025-03-07
86,38,4,2025-05-10
86,31,4,2025-03-16
86,4,3,2025-01-11
86,11,5,2025-10-14
86,21,3,2025-09-12
86,10,2,2025-12-18
87,52,4,2025-09-25
87,58,5,2025-06-27
87,54,4,2025-02-07
87,51,4,2025-05-18
87,57,3,2025-09-02
87,53,2,2025-05-01
87,56,5,2025-01-20
87,21,2,2025-02-16
87,42,4,2025-10-12
87,29,3,2025-06-12
87,24,4,2025-07-28
88,51,4,2025-09-08
88,54,5,2025-09-23
88,57,5,2025-01-18
88,56,4,2025-04-05
88,60,5,2025-06-26
88,5,2,2025-04-27
88,30,4,2025-07-28
88,35,5,2025-05-31
89,58,3,2025-09-15
89,53,4,2025-12-21
89,55,4,2025-07-15
89,54,3,2025-06-02
89,56,4,2025-10-25
89,52,4,2025-05-12
89,57,4,2025-03-04
89,60,5,2025-10-14
89,51,2,2025-09-16
89,59,5,2025-10-20
89,41,3,2025-10-01
89,13,4,2025-09-19
89,21,4,2025-03-31
89,37,3,2025-03-26
89,39,4,2025-12-05
89,45,4,2025-01-22
90,42,5,2025-06-21
90,45,3,2025-05-05
90,46,5,2025-08-05
90,50,4,2025-02-04
90,48,4,2025-11-06
90,44,4,2025-10-11
90,49,5,2025-05-12
90,37,4,2025-08-09
90,40,4,2025-12-22
90,22,5,2025-03-02
90,52,3,2025-06-23
91,7,4,2025-07-05
91,2,4,2025-07-02
91,9,4,2025-04-29
91,5,4,2025-08-25
91,8,4,2025-12-26
91,28,3,2025-10-13
91,56,3,2025-01-13
91,25,4,2025-05-16
92,31,5,2025-06-10
92,35,5,2025-01-04
92,36,3,2025-06-24
92,38,4,2025-09-21
92,32,4,2025-06-26
92,39,5,2025-09-27
92,33,4,2025-06-26
92,37,5,2025-04-22
92,40,4,2025-07-06
92,34,5,2025-08-10
92,53,3,2025-07-12
92,59,3,2025-05-17
92,26,3,2025-05-20
92,47,3,2025-05-14
92,30,3,2025-04-13
92,19,3,2025-05-02
93,33,5,2025-07-09
93,34,5,2025-04-03
93,35,3,2025-08-16
93,36,5,2025-10-24
93,32,3,2025-03-25
93,8,4,2025-08-12
93,19,2,2025-07-06
93,43,3,2025-07-27
94,52,5,2025-09-30
94,54,4,2025-05-30
94,59,5,2025-03-21
94,51,5,2025-02-18
94,34,2,2025-12-15
94,26,4,2025-06-23
95,26,4,2025-08-18
95,27,5,2025-06-28
95,23,4,2025-02-14
95,28,5,2025-01-06
95,25,4,2025-07-02
95,24,3,2025-12-30
95,29,4,2025-06-10
95,30,4,2025-08-22
95,43,2,2025-04-06
95,1,3,2025-06-17
95,59,4,2025-11-20
95,49,3,2025-01-23
96,50,5,2025-11-17
96,48,3,2025-12-04
96,49,4,2025-02-26
96,42,3,2025-05-30
96,52,2,2025-10-11
96,6,3,2025-07-28
96,37,3,2025-01-14
97,51,5,2025-06-11
97,57,5,2025-04-03
97,53,5,2025-08-03
97,52,5,2025-01-17
97,59,4,2025-12-17
97,55,3,2025-08-13
97,54,4,2025-06-08
97,45,2,2025-08-08
97,13,4,2025-10-10
97,15,2,2025-12-23
97,22,4,2025-01-18
98,58,2,2025-05-05
98,60,4,2025-12-03
98,57,5,2025-01-09
98,53,4,2025-12-11
98,56,3,2025-11-06
98,52,5,2025-11-02
98,54,4,2025-12-17
98,22,4,2025-03-19
98,27,3,2025-09-03
98,47,4,2025-01-06
98,6,3,2025-07-31
99,40,4,2025-09-12
99,33,5,2025-11-16
99,34,5,2025-12-19
99,31,5,2025-04-02
99,36,5,2025-03-22
99,38,5,2025-10-11
99,37,3,2025-05-29
99,32,3,2025-07-10
99,20,2,2025-06-08
99,45,3,2025-03-05
99,44,4,2025-11-03
99,5,3,2025-08-07
100,1,4,2025-06-26
100,4,3,2025-01-02
100,6,4,2025-08-31
100,7,3,2025-12-20
100,2,4,2025-12-02
100,3,4,2025-11-05
100,10,3,2025-11-22
100,8,4,2025-01-28
100,9,4,2025-06-18
100,5,4,2025-09-30
100,35,1,2025-12-27
100,21,3,2025-11-08
100,59,2,2025-05-12
100,53,4,2025-12-08
100,48,4,2025-02-16
100,29,5,2025-02-14
101,50,4,2025-01-06
101,45,4,2025-02-19
101,42,4,2025-06-01
101,46,5,2025-05-08
101,49,5,2025-03-28
101,48,5,2025-12-02
101,43,4,2025-01-09
101,41,5,2025-10-02
101,47,4,2025-02-03
101,44,3,2025-04-23
101,18,4,2025-01-10
101,16,5,2025-12-02
101,28,2,2025-08-04
101,36,5,2025-08-27
101,6,3,2025-03-02
101,34,2,2025-02-12
102,1,3,2025-08-29
102,4,5,2025-05-03
102,7,4,2025-07-11
102,5,5,2025-02-18
102,2,5,2025-08-30
102,6,4,2025-11-24
102,11,2,2025-08-22
102,23,3,2025-06-03
102,36,2,2025-02-27
103,23,5,2025-01-11
103,21,4,2025-08-26
103,22,5,2025-09-20
103,26,4,2025-10-30
103,30,3,2025-11-06
103,29,4,2025-05-11
103,24,5,2025-07-11
103,25,5,2025-08-21
103,28,3,2025-10-12
103,27,5,2025-09-15
103,9,4,2025-06-24
103,43,5,2025-10-24
103,31,2,2025-11-08
103,41,3,2025-04-15
103,50,3,2025-03-07
104,45,5,2025-09-16
104,46,5,2025-11-30
104,43,4,2025-08-08
104,44,4,2025-10-26
104,36,5,2025-08-03
104,6,3,2025-04-21
105,59,5,2025-10-03
105,56,4,2025-04-15
105,52,5,2025-03-09
105,58,4,2025-06-04
105,53,4,2025-10-04
105,51,5,2025-05-19
105,57,4,2025-04-19
105,40,2,2025-02-26
105,33,3,2025-12-14
105,16,3,2025-11-17
106,24,5,2025-09-07
106,26,5,2025-12-22
106,27,4,2025-11-30
106,29,5,2025-11-20
106,11,2,2025-07-11
106,13,3,2025-10-22
107,48,4,2025-01-04
107,47,5,2025-06-03
107,50,5,2025-11-14
107,43,5,2025-11-28
107,44,4,2025-12-06
107,49,3,2025-08-31
107,46,5,2025-09-23
107,45,4,2025-06-20
107,42,5,2025-04-01
107,41,4,2025-10-02
107,38,3,2025-01-09
107,12,4,2025-10-09
107,5,2,2025-06-18
107,21,2,2025-12-17
107,36,3,2025-03-11
108,15,4,2025-01-15
108,12,5,2025-06-08
108,14,4,2025-09-25
108,18,4,2025-02-14
108,17,4,2025-09-24
108,9,4,2025-12-15
108,50,4,2025-03-07
108,23,5,2025-10-16
109,23,4,2025-09-10
109,25,4,2025-06-18
109,29,5,2025-08-20
109,27,4,2025-01-01
109,30,3,2025-03-16
109,28,5,2025-05-29
109,22,5,2025-05-24
109,26,4,2025-09-10
109,24,4,2025-11-12
109,58,3,2025-04-18
109,16,2,2025-11-28
109,50,4,2025-07-01
109,4,2,2025-06-01
109,38,4,2025-02-25
110,56,4,2025-07-27
110,58,5,2025-11-01
110,51,4,2025-04-10
110,55,5,2025-03-21
110,57,5,2025-12-12
110,52,5,2025-12-13
110,53,5,2025-04-12
110,54,5,2025-11-19
110,60,4,2025-12-25
110,59,5,2025-03-22
110,8,4,2025-11-07
110,14,3,2025-01-25
110,40,2,2025-07-31
110,19,4,2025-12-22
110,17,2,2025-07-02
110,49,4,2025-01-06
111,36,5,2025-10-26
111,32,5,2025-02-18
111,37,5,2025-04-07
111,31,4,2025-08-12
111,35,4,2025-10-04
111,39,4,2025-10-08
111,40,3,2025-12-30
111,33,4,2025-07-17
111,27,3,2025-04-22
111,56,2,2025-11-10
111,26,4,2025-02-21
111,43,5,2025-07-08
112,28,4,2025-06-26
112,30,5,2025-07-12
112,24,3,2025-09-24
112,29,4,2025-02-25
112,58,1,2025-02-01
112,36,2,2025-05-07
113,59,5,2025-10-15
113,60,5,2025-09-11
113,52,4,2025-06-01
113,56,5,2025-11-10
113,31,3,2025-05-26
113,35,3,2025-06-16
113,43,3,2025-07-09
114,42,5,2025-03-12
114,44,5,2025-01-02
114,48,4,2025-10-16
114,45,4,2025-12-16
114,46,4,2025-03-04
114,41,4,2025-09-09
114,47,5,2025-10-05
114,39,3,2025-11-19
114,37,2,2025-09-14
114,29,3,2025-11-26
114,54,2,2025-12-24
115,4,5,2025-10-24
115,10,5,2025-05-01
115,9,3,2025-11-01
115,3,5,2025-10-10
115,7,4,2025-10-20
115,8,4,2025-07-12
115,1,5,2025-10-17
115,2,4,2025-10-31
115,5,4,2025-06-18
115,6,4,2025-01-18
115,22,4,2025-07-02
115,36,2,2025-10-13
115,19,3,2025-01-10
115,29,3,2025-10-04
115,28,4,2025-03-22
115,33,2,2025-12-31
116,3,4,2025-08-02
116,9,4,2025-09-24
116,7,4,2025-05-20
116,6,4,2025-10-31
116,36,2,2025-06-10
116,56,3,2025-05-11
117,49,5,2025-10-15
117,43,4,2025-05-29
117,47,3,2025-10-25
117,41,4,2025-01-20
117,42,5,2025-08-07
117,48,5,2025-02-20
117,56,2,2025-06-28
117,24,3,2025-02-25
117,28,1,2025-06-09
118,30,5,2025-08-12
118,24,4,2025-09-08
118,27,4,2025-07-31
118,29,4,2025-07-20
118,26,5,2025-10-16
118,28,3,2025-02-22
118,21,5,2025-07-16
118,23,5,2025-08-04
118,25,5,2025-09-30
118,22,4,2025-06-18
118,12,2,2025-03-07
118,54,1,2025-03-17
118,9,5,2025-01-18
118,16,1,2025-11-20
118,57,4,2025-04-05
118,14,4,2025-09-15
119,52,3,2025-02-16
119,57,4,2025-12-15
119,56,4,2025-11-21
119,51,4,2025-12-05
119,54,5,2025-02-15
119,53,5,2025-02-20
119,60,3,2025-01-01
119,20,3,2025-04-19
119,38,3,2025-09-05
119,49,3,2025-11-21
119,6,1,2025-05-16
120,48,3,2025-01-09
120,44,4,2025-04-26
120,49,5,2025-01-07
120,45,5,2025-07-11
120,47,5,2025-06-07
120,46,5,2025-07-25
120,41,5,2025-01-26
120,56,3,2025-03-26
120,57,2,2025-12-21
120,59,3,2025-10-10
121,53,5,2025-08-30
121,58,5,2025-06-28
121,59,4,2025-10-09
121,51,5,2025-11-25
121,55,5,2025-09-04
121,57,4,2025-10-28
121,54,4,2025-04-20
121,45,3,2025-08-15
121,21,3,2025-01-24
121,18,2,2025-01-02
121,40,3,2025-11-21
122,38,4,2025-02-27
122,34,5,2025-04-28
122,36,5,2025-10-22
122,32,3,2025-07-21
122,33,5,2025-04-23
122,39,5,2025-06-08
122,31,5,2025-05-18
122,13,3,2025-08-29
122,10,3,2025-11-09
122,41,4,2025-03-14
123,33,4,2025-10-03
123,31,5,2025-05-22
123,37,5,2025-03-01
123,39,4,2025-10-29
123,35,4,2025-03-31
123,34,4,2025-02-11
123,32,4,2025-12-25
123,40,4,2025-03-30
123,38,3,2025-04-19
123,36,4,2025-10-08
123,56,2,2025-01-11
123,5,3,2025-08-03
123,2,3,2025-12-19
123,57,2,2025-04-02
123,49,2,2025-04-20
123,6,5,2025-02-19
124,28,4,2025-09-11
124,25,4,2025-08-17
124,23,4,2025-11-02
124,29,5,2025-07-09
124,43,3,2025-04-04
124,42,3,2025-09-19
125,42,5,2025-08-18
125,48,4,2025-10-25
125,45,5,2025-11-23
125,49,5,2025-07-17
125,44,4,2025-04-19
125,47,5,2025-07-01
125,50,5,2025-02-12
125,43,4,2025-04-20
125,41,5,2025-11-28
125,46,5,2025-08-01
125,12,3,2025-01-17
125,8,3,2025-06-18
125,60,4,2025-05-18
125,37,1,2025-09-20
125,21,4,2025-11-25
125,59,3,2025-08-14
126,7,5,2025-10-17
126,10,5,2025-05-18
126,2,5,2025-12-22
126,6,4,2025-12-31
126,8,3,2025-04-03
126,9,5,2025-10-28
126,3,5,2025-05-08
126,4,5,2025-05-18
126,1,4,2025-10-21
126,5,4,2025-08-26
126,26,3,2025-01-22
126,31,4,2025-08-07
126,45,3,2025-03-03
126,30,2,2025-11-14
126,59,4,2025-07-22
127,39,5,2025-10-28
127,37,4,2025-08-25
127,36,5,2025-06-25
127,31,5,2025-05-17
127,33,4,2025-03-26
127,35,3,2025-12-28
127,34,5,2025-09-22
127,32,5,2025-07-01
127,38,5,2025-03-22
127,40,5,2025-12-30
127,50,3,2025-05-14
127,46,3,2025-11-14
127,21,4,2025-06-22
127,48,2,2025-04-16
127,20,2,2025-06-04
128,11,4,2025-11-28
128,17,4,2025-03-19
128,18,3,2025-03-15
128,19,5,2025-07-30
128,15,4,2025-03-01
128,14,5,2025-07-11
128,16,4,2025-12-06
128,20,5,2025-07-22
128,43,3,2025-01-16
128,34,3,2025-08-28
128,60,2,2025-04-22
128,47,3,2025-06-24
129,27,3,2025-01-10
129,21,5,2025-01-26
129,26,5,2025-06-27
129,22,4,2025-06-20
129,23,5,2025-02-07
129,29,5,2025-09-21
129,30,5,2025-01-26
129,24,4,2025-11-24
129,11,4,2025-11-08
129,60,2,2025-12-18
129,53,5,2025-01-10
129,17,3,2025-11-18
130,30,5,2025-03-08
130,23,5,2025-03-02
130,24,5,2025-12-19
130,26,5,2025-07-21
130,14,4,2025-07-07
130,57,3,2025-10-26
